Task,Start,End,Duration
Dataset & Model Setup,2025-06-20,2025-06-26,6 days
Frontend UI Mockup,2025-06-20,2025-06-26,6 days
Image Detection Pipeline,2025-06-27,2025-07-03,6 days
Video Detection Pipeline,2025-06-27,2025-07-03,6 days
Frontend Integration - Part 1,2025-06-27,2025-07-03,6 days
Model Optimization,2025-07-04,2025-07-10,6 days
Explainability Module,2025-07-04,2025-07-10,6 days
Backend API Design,2025-07-04,2025-07-10,6 days
Multi-format Support,2025-07-11,2025-07-17,6 days
Real-time Detection Optimization,2025-07-11,2025-07-17,6 days
Frontend Integration - Part 2,2025-07-11,2025-07-17,6 days
Testing & Validation,2025-07-18,2025-07-24,6 days
Security & Privacy Checks,2025-07-18,2025-07-24,6 days
Documentation,2025-07-18,2025-07-24,6 days
Final Integration,2025-07-25,2025-07-31,6 days
Final Presentation Prep,2025-07-25,2025-07-31,6 days
Backup & Versioning,2025-07-25,2025-07-31,6 days
